relative_angle,center_distance,hazard_stop,speed_sign,red_light,veh_distance,direction,im_name,seq_id
0.0172304598,0.2323552883,False,-1,False,20.6122927323,0,image_02000.jpg.png,0
0.0172292936,0.2323552883,False,-1,False,20.4948311066,0,image_02001.jpg.png,0
0.0172268812,0.1643,False,-1,False,20.3793956668,0,image_02002.jpg.png,0
0.0172236698,0.1643,False,-1,False,20.2666589842,0,image_02003.jpg.png,0
0.0172219533,0.2323552883,False,-1,False,20.1535249184,0,image_02004.jpg.png,0
0.017221403,0.1643,False,-1,False,20.0390453653,0,image_02005.jpg.png,0
0.0172208152,0.2323552883,False,-1,False,19.9243147155,0,image_02006.jpg.png,0
0.0172206727,0.2323552883,False,-1,False,19.8083286502,0,image_02007.jpg.png,0
0.0172202805,0.2323552883,False,-1,False,19.6920036158,0,image_02008.jpg.png,0
0.0172202451,0.1643,False,-1,False,19.5744114958,0,image_02009.jpg.png,0
0.0172198987,0.1643,False,-1,False,19.456448096,0,image_02010.jpg.png,1
0.0172199039,0.1643,False,-1,False,19.3371974028,0,image_02011.jpg.png,1
0.0172195741,0.1643,False,-1,False,19.2183416321,0,image_02012.jpg.png,1
0.0172196137,0.2323552883,False,-1,False,19.1003113232,0,image_02013.jpg.png,1
0.0172058703,0.2323552883,False,-1,False,19.0042275201,0,image_02014.jpg.png,1
0.0171790379,0.2323552883,False,-1,False,18.9376574777,0,image_02015.jpg.png,1
0.0171530367,0.2323552883,False,-1,False,18.8946595148,0,image_02016.jpg.png,1
0.0171281518,0.2323552883,False,-1,False,18.8712118843,0,image_02017.jpg.png,1
0.0171027134,0.1643,False,-1,False,18.8669739416,0,image_02018.jpg.png,1
0.017083162,0.2323552883,False,-1,False,18.8815601755,0,image_02019.jpg.png,1
0.0170447896,0.2323552883,False,-1,False,18.9147515095,0,image_02020.jpg.png,2
0.0170655592,0.1643,False,-1,False,18.966333455,0,image_02021.jpg.png,2
0.0170494585,0.1643,False,-1,False,19.0358526501,0,image_02022.jpg.png,2
0.0170359793,0.2323552883,False,-1,False,19.1216800692,0,image_02023.jpg.png,2
0.0170250895,0.1643,False,-1,False,19.2218676386,0,image_02024.jpg.png,2
0.0170171396,0.2323552883,False,-1,False,19.332789203,0,image_02025.jpg.png,2
0.0170125789,0.1643,False,-1,False,19.4468866216,0,image_02026.jpg.png,2
0.0170111183,0.2323552883,False,-1,False,19.5532740432,0,image_02027.jpg.png,2
0.0170117612,0,False,-1,False,19.6283673725,0,image_02028.jpg.png,2
0.0170137596,0.1643,False,-1,False,19.6731387444,0,image_02029.jpg.png,2
0.0170167047,0,False,-1,False,19.6856735527,0,image_02030.jpg.png,3
0.0170203478,0.1643,False,-1,False,19.6665338841,0,image_02031.jpg.png,3
0.0170244955,0,False,-1,False,19.6159238464,0,image_02032.jpg.png,3
0.0170290073,0.1643,False,-1,False,19.5338291694,0,image_02033.jpg.png,3
0.0170338145,0,False,-1,False,19.420146413,0,image_02034.jpg.png,3
0.0170388339,0.1643,False,-1,False,19.274994306,0,image_02035.jpg.png,3
0.017043999,0.1643,False,-1,False,19.099109352,0,image_02036.jpg.png,3
0.0170493066,0,False,-1,False,18.8951716821,0,image_02037.jpg.png,3
0.0170547036,0,False,-1,False,18.66730003,0,image_02038.jpg.png,3
0.0170601704,0.1643,False,-1,False,18.4312137331,0,image_02039.jpg.png,3
0.0170656829,0,False,-1,False,18.1889436481,0,image_02040.jpg.png,4
0.0170711716,0,False,-1,False,17.940209362,0,image_02041.jpg.png,4
0.0170766966,0.1643,False,-1,False,17.6847563415,0,image_02042.jpg.png,4
0.0170822018,0,False,-1,False,17.422781407,0,image_02043.jpg.png,4
0.0170877477,0,False,-1,False,17.1542195648,0,image_02044.jpg.png,4
0.0170932425,0,False,-1,False,16.879075349,0,image_02045.jpg.png,4
0.0170987738,0.1643,False,-1,False,16.597547486,0,image_02046.jpg.png,4
0.0169559337,0.1643,False,-1,False,16.3093185269,0,image_02047.jpg.png,4
0.0166625032,0.1643,False,-1,False,16.0145727978,0,image_02048.jpg.png,4
0.0162052988,0.1643,False,-1,False,15.713299909,0,image_02049.jpg.png,4
0.0154612095,0,False,-1,False,15.4055690779,0,image_02050.jpg.png,5
0.0149983958,0,False,-1,False,15.0941510265,0,image_02051.jpg.png,5
0.0146858468,0.1643,False,-1,False,14.7813538932,0,image_02052.jpg.png,5
0.01456142,0.1643,False,-1,False,14.4714974135,0,image_02053.jpg.png,5
0.0145031332,0.1643,False,-1,False,14.1675569124,0,image_02054.jpg.png,5
0.0145376024,0.1643,False,-1,False,13.8719691206,0,image_02055.jpg.png,5
0.0144184675,0.1643,False,-1,False,13.5853040572,0,image_02056.jpg.png,5
0.0144925554,0.1643,False,-1,False,13.3093658791,0,image_02057.jpg.png,5
0.0143648173,0,False,-1,False,13.0437644666,0,image_02058.jpg.png,5
0.0144233413,0.1643,False,-1,False,12.790267018,0,image_02059.jpg.png,5
0.014419383,0,False,-1,False,12.548372291,0,image_02060.jpg.png,6
0.0144241933,0,False,-1,False,12.3190170459,0,image_02061.jpg.png,6
0.0144182324,0.1643,False,-1,False,12.1022446133,0,image_02062.jpg.png,6
0.0144103948,0,False,-1,False,11.8976160451,0,image_02063.jpg.png,6
0.0144026748,0,False,-1,False,11.7047803505,0,image_02064.jpg.png,6
0.0143956382,0.1643,False,-1,False,11.5229934204,0,image_02065.jpg.png,6
0.0139200985,0,False,-1,False,11.3500994411,0,image_02066.jpg.png,6
0.0131231174,0.1643,False,-1,False,11.1858784203,0,image_02067.jpg.png,6
0.0120428425,0,False,-1,False,11.0297757178,0,image_02068.jpg.png,6
0.0107072381,0.1643,False,-1,False,10.8814032037,0,image_02069.jpg.png,6
0.0095871146,0.1643,False,-1,False,10.7416371571,0,image_02070.jpg.png,7
0.0083634884,0,False,-1,False,10.6090547118,0,image_02071.jpg.png,7
0.0070602762,0,False,-1,False,10.4833058013,0,image_02072.jpg.png,7
0.0056831301,0.1643,False,-1,False,10.3640374305,0,image_02073.jpg.png,7
0.0038330865,0.1643,False,-1,False,10.249651318,0,image_02074.jpg.png,7
0.0020887949,0,False,-1,False,10.1415357748,0,image_02075.jpg.png,7
0.0006404596,0.1643,False,-1,False,10.0416576551,0,image_02076.jpg.png,7
-0.0008570052,0.2323552883,False,-1,False,9.9479586153,0,image_02077.jpg.png,7
-0.0024304006,0.1643,False,-1,False,9.858309828,0,image_02078.jpg.png,7
-0.003149454,0.1643,False,-1,False,9.7736009374,0,image_02079.jpg.png,7
-0.0042083272,0.2323552883,False,-1,False,9.6889310841,0,image_02080.jpg.png,8
-0.0045939529,0.2323552883,False,-1,False,9.6059851786,0,image_02081.jpg.png,8
-0.0049896981,0.1643,False,-1,False,9.5211858214,0,image_02082.jpg.png,8
-0.0050291134,0.1643,False,-1,False,9.4339738795,0,image_02083.jpg.png,8
-0.0055170045,0.2323552883,False,-1,False,9.3414139266,0,image_02084.jpg.png,8
-0.0062365901,0.2323552883,False,-1,False,9.2433039217,0,image_02085.jpg.png,8
-0.0068864014,0.1643,False,-1,False,9.139906886,0,image_02086.jpg.png,8
-0.0076320865,0.2323552883,False,-1,False,9.0312972241,0,image_02087.jpg.png,8
-0.0077822899,0.2323552883,False,-1,False,8.921155697,0,image_02088.jpg.png,8
-0.0077764304,0.1643,False,-1,False,8.8098710463,0,image_02089.jpg.png,8
-0.0078248994,0.2323552883,False,-1,False,8.6987046773,0,image_02090.jpg.png,9
-0.0078185068,0.2323552883,False,-1,False,8.5893242197,0,image_02091.jpg.png,9
-0.0078190394,0.1643,False,-1,False,8.4828535239,0,image_02092.jpg.png,9
-0.0078206368,0.2323552883,False,-1,False,8.3801085588,0,image_02093.jpg.png,9
-0.0078222368,0.2323552883,False,-1,False,8.2815680337,0,image_02094.jpg.png,9
-0.0078238347,0.1643,False,-1,False,8.1873662028,0,image_02095.jpg.png,9
-0.007825432,0.1643,False,-1,False,8.0976147187,0,image_02096.jpg.png,9
-0.0078270299,0.1643,False,-1,False,8.0122733282,0,image_02097.jpg.png,9
-0.0078286263,0.2323552883,False,-1,False,7.9312317968,0,image_02098.jpg.png,9
-0.0078302236,0.2323552883,False,-1,False,7.8543840739,0,image_02099.jpg.png,9
-0.0078312899,0.1643,False,-1,False,7.7815511986,0,image_02100.jpg.png,10
-0.0078328889,0.1643,False,-1,False,7.712581856,0,image_02101.jpg.png,10
-0.0078339526,0.1643,False,-1,False,7.6473061026,0,image_02102.jpg.png,10
-0.0078350199,0.2323552883,False,-1,False,7.585563081,0,image_02103.jpg.png,10
-0.0078360836,0.2323552883,False,-1,False,7.5271418688,0,image_02104.jpg.png,10
-0.0078366163,0.1643,False,-1,False,7.4718923007,0,image_02105.jpg.png,10
-0.0078376826,0.1643,False,-1,False,7.4196308081,0,image_02106.jpg.png,10
-0.0078382152,0.1643,False,-1,False,7.3702263736,0,image_02107.jpg.png,10
-0.0078392799,0.1643,False,-1,False,7.3235128497,0,image_02108.jpg.png,10
-0.0078398126,0.2323552883,False,-1,False,7.2793390382,0,image_02109.jpg.png,10
-0.0078403452,0.2323552883,False,-1,False,7.2376038783,0,image_02110.jpg.png,11
-0.0078408778,0.2323552883,False,-1,False,7.1981414041,0,image_02111.jpg.png,11
-0.0078414089,0.2323552883,False,-1,False,7.1608190443,0,image_02112.jpg.png,11
-0.0078419426,0.1643,False,-1,False,7.125550797,0,image_02113.jpg.png,11
-0.0078419431,0.1643,False,-1,False,7.0921999144,0,image_02114.jpg.png,11
-0.0078424752,0.1643,False,-1,False,7.0603839806,0,image_02115.jpg.png,11
-0.0078430089,0.1643,False,-1,False,7.0326390298,0,image_02116.jpg.png,11
-0.0078430078,0.1643,False,-1,False,7.0059904637,0,image_02117.jpg.png,11
-0.0078435405,0.2323552883,False,-1,False,6.9812098692,0,image_02118.jpg.png,11
-0.0081109234,0.2323552883,False,-1,False,6.9623656463,0,image_02119.jpg.png,11
-0.0082920199,0.2323552883,False,-1,False,6.9526011534,0,image_02120.jpg.png,12
-0.0085604624,0.2323552883,False,-1,False,6.950374925,0,image_02121.jpg.png,12
-0.0085631271,0.2323552883,False,-1,False,6.958532047,0,image_02122.jpg.png,12
-0.0086749799,0.2323552883,False,-1,False,6.9808203792,0,image_02123.jpg.png,12
-0.0086760462,0.2323552883,False,-1,False,7.0196904231,0,image_02124.jpg.png,12
-0.0086760452,0.1643,False,-1,False,7.071920533,0,image_02125.jpg.png,12
-0.0086760467,0.1643,False,-1,False,7.1360563961,0,image_02126.jpg.png,12
-0.0086765788,0.1643,False,-1,False,7.2114158541,0,image_02127.jpg.png,12
-0.0086765799,0.1643,False,-1,False,7.2976154345,0,image_02128.jpg.png,12
-0.0086765799,0.1643,False,-1,False,7.3945394789,0,image_02129.jpg.png,12
-0.0086765788,0.1643,False,-1,False,7.5020419185,0,image_02130.jpg.png,13
-0.0085823029,0.1643,False,-1,False,7.620405144,0,image_02131.jpg.png,13
-0.0083559348,0.1643,False,-1,False,7.7496465922,0,image_02132.jpg.png,13
-0.0081029334,0.1643,False,-1,False,7.889453163,0,image_02133.jpg.png,13
-0.0076411418,0.1643,False,-1,False,8.0402797953,0,image_02134.jpg.png,13
-0.0071489891,0.1643,False,-1,False,8.2015429425,0,image_02135.jpg.png,13
-0.0064677535,0.2323552883,False,-1,False,8.3736841834,0,image_02136.jpg.png,13
-0.0055457667,0.2323552883,False,-1,False,8.5567496184,0,image_02137.jpg.png,13
-0.0045593313,0.2323552883,False,-1,False,8.7501293165,0,image_02138.jpg.png,13
-0.0035047197,0.2323552883,False,-1,False,8.9536996737,0,image_02139.jpg.png,13
-0.0023835292,0.2323552883,False,-1,False,9.1674005974,0,image_02140.jpg.png,14
-0.0011669968,0.2323552883,False,-1,False,9.3912459972,0,image_02141.jpg.png,14
0.000123334,0.1643,False,-1,False,9.6257843983,0,image_02142.jpg.png,14
0.0009302138,0.1643,False,-1,False,9.8690282869,0,image_02143.jpg.png,14
0.0018072739,0.1643,False,-1,False,10.1231347568,0,image_02144.jpg.png,14
0.0022115628,0.1643,False,-1,False,10.3850472329,0,image_02145.jpg.png,14
0.00347114,0.1643,False,-1,False,10.6570353382,0,image_02146.jpg.png,14
0.0046241948,0.1643,False,-1,False,10.9322344258,0,image_02147.jpg.png,14
0.0050518481,0.1643,False,-1,False,11.2072242751,0,image_02148.jpg.png,14
0.0051457801,0.1643,False,-1,False,11.478193306,0,image_02149.jpg.png,14
0.0049527889,0.1643,False,-1,False,11.7424642481,0,image_02150.jpg.png,15
0.0045359277,0,False,-1,False,11.9990507733,0,image_02151.jpg.png,15
0.0042620663,0,False,-1,False,12.2442141452,0,image_02152.jpg.png,15
0.0039604365,0.1643,False,-1,False,12.478920343,0,image_02153.jpg.png,15
0.0034976512,0.1643,False,-1,False,12.7037148577,0,image_02154.jpg.png,15
0.0027439714,0,False,-1,False,12.9187117874,0,image_02155.jpg.png,15
0.0021492501,0,False,-1,False,13.1252386567,0,image_02156.jpg.png,15
0.0017392507,0.1643,False,-1,False,13.3232449069,0,image_02157.jpg.png,15
0.001662048,0,False,-1,False,13.5132300425,0,image_02158.jpg.png,15
0.001657945,0,False,-1,False,13.6942223142,0,image_02159.jpg.png,15
0.0016596076,0,False,-1,False,13.8660208777,0,image_02160.jpg.png,16
0.0016625497,0.1643,False,-1,False,14.0285591263,0,image_02161.jpg.png,16
0.0016662075,0,False,-1,False,14.1819712017,0,image_02162.jpg.png,16
0.0016703729,0.1643,False,-1,False,14.3257409211,0,image_02163.jpg.png,16
0.0016749093,0,False,-1,False,14.4596555944,0,image_02164.jpg.png,16
0.0016797147,0.1643,False,-1,False,14.5837659029,0,image_02165.jpg.png,16
0.0016847171,0,False,-1,False,14.6982324791,0,image_02166.jpg.png,16
0.0016898674,0,False,-1,False,14.803180111,0,image_02167.jpg.png,16
0.0016951275,0.1643,False,-1,False,14.8987670053,0,image_02168.jpg.png,16
0.0017004737,0,False,-1,False,14.9850876092,0,image_02169.jpg.png,16
0.0017058864,0,False,-1,False,15.0623361128,0,image_02170.jpg.png,17
0.0017113508,0.1643,False,-1,False,15.1306256699,0,image_02171.jpg.png,17
0.0017168553,0,False,-1,False,15.1900458099,0,image_02172.jpg.png,17
0.0017223915,0.1643,False,-1,False,15.2407971831,0,image_02173.jpg.png,17
0.0017279519,0,False,-1,False,15.2830068211,0,image_02174.jpg.png,17
0.0017334614,0,False,-1,False,15.3168068606,0,image_02175.jpg.png,17
0.0017389629,0.1643,False,-1,False,15.3423922627,0,image_02176.jpg.png,17
0.0017445077,0.1643,False,-1,False,15.3598077226,0,image_02177.jpg.png,17
0.001749988,0.1643,False,-1,False,15.3692568787,0,image_02178.jpg.png,17
0.0017555298,0.1643,False,-1,False,15.3708865245,0,image_02179.jpg.png,17
0.0017609912,0,False,-1,False,15.3648384047,0,image_02180.jpg.png,18
0.0017663685,0,False,-1,False,15.3513822266,0,image_02181.jpg.png,18
0.0017708414,0.1643,False,-1,False,15.3317653373,0,image_02182.jpg.png,18
0.0017736575,0.1643,False,-1,False,15.3082116825,0,image_02183.jpg.png,18
0.0017733064,0.1643,False,-1,False,15.284733312,0,image_02184.jpg.png,18
0.0017722,0,False,-1,False,15.2659922797,0,image_02185.jpg.png,18
0.0017621592,0,False,-1,False,15.2560084924,0,image_02186.jpg.png,18
0.001764205,0,False,-1,False,15.2572138258,0,image_02187.jpg.png,18
0.0017275774,0,False,-1,False,15.2709475513,0,image_02188.jpg.png,18
0.0017778215,0.1643,False,-1,False,15.297054586,0,image_02189.jpg.png,18
0.0017982926,0,False,-1,False,15.3350514978,-1,image_02190.jpg.png,19
0.0018518509,0,False,-1,False,15.3843501504,-1,image_02191.jpg.png,19
0.00185601,0,False,-1,False,15.4461884788,-1,image_02192.jpg.png,19
0.0018499124,0,False,-1,False,15.5201502001,-1,image_02193.jpg.png,19
0.0018421427,0,False,-1,False,15.6050436539,-1,image_02194.jpg.png,19
0.0018345463,0,False,-1,False,15.6992810491,-1,image_02195.jpg.png,19
0.0018276129,0.1643,False,-1,False,15.8007354431,-1,image_02196.jpg.png,19
0.0018217402,0,False,-1,False,15.9066253116,-1,image_02197.jpg.png,19
0.0018498097,0.1643,False,-1,False,16.0140108064,-1,image_02198.jpg.png,19
0.002554907,0,False,-1,False,16.1234072964,-1,image_02199.jpg.png,19
0.003687132,0.1643,False,-1,False,16.2334154636,-1,image_02200.jpg.png,20
0.0051905098,0,False,-1,False,16.3439137975,-1,image_02201.jpg.png,20
0.0066857837,0.1643,False,-1,False,16.4537929082,-1,image_02202.jpg.png,20
0.0086055354,0,False,-1,False,16.5648329149,-1,image_02203.jpg.png,20
0.0103538158,0.1643,False,-1,False,16.6745941793,-1,image_02204.jpg.png,20
0.0116719141,0,False,-1,False,50,-1,image_02205.jpg.png,20
0.0123142114,0.1643,False,-1,False,50,-1,image_02206.jpg.png,20
0.0132340849,0.1643,False,-1,False,50,-1,image_02207.jpg.png,20
0.0140278005,0.1643,False,-1,False,50,-1,image_02208.jpg.png,20
0.0149450431,0.1643,False,-1,False,50,-1,image_02209.jpg.png,20
0.0151878319,0.2323552883,False,-1,False,50,-1,image_02210.jpg.png,21
0.0152099559,0.1643,False,-1,False,50,-1,image_02211.jpg.png,21
0.0152120635,0.2323552883,False,-1,False,50,-1,image_02212.jpg.png,21
0.0152134638,0.1643,False,-1,False,50,-1,image_02213.jpg.png,21
0.0152156973,0.2323552883,False,-1,False,50,-1,image_02214.jpg.png,21
0.0152185113,0.1643,False,-1,False,50,-1,image_02215.jpg.png,21
0.0152215927,0.2323552883,False,-1,False,50,-1,image_02216.jpg.png,21
0.0152247302,0.1643,False,-1,False,50,-1,image_02217.jpg.png,21
0.015227797,0.2323552883,False,-1,False,50,-1,image_02218.jpg.png,21
0.0152306953,0.2323552883,False,-1,False,50,-1,image_02219.jpg.png,21
0.0152333719,0.1643,False,-1,False,50,-1,image_02220.jpg.png,22
0.0152358073,0.1643,False,-1,False,50,-1,image_02221.jpg.png,22
0.0152379909,0.1643,False,-1,False,50,-1,image_02222.jpg.png,22
0.0152399081,0.2323552883,False,-1,False,50,-1,image_02223.jpg.png,22
0.0152415757,0.1643,False,-1,False,50,-1,image_02224.jpg.png,22
0.0152430093,0.2323552883,False,-1,False,50,-1,image_02225.jpg.png,22
0.0152442254,0.2323552883,False,-1,False,50,-1,image_02226.jpg.png,22
0.0152452324,0.1643,False,-1,False,50,-1,image_02227.jpg.png,22
0.0152460719,0.2323552883,False,-1,False,50,-1,image_02228.jpg.png,22
0.0152467554,0.2323552883,False,-1,False,50,-1,image_02229.jpg.png,22
0.0152473109,0.1643,False,-1,False,50,-1,image_02230.jpg.png,23
0.0152477593,0.1643,False,-1,False,50,-1,image_02231.jpg.png,23
0.0152480963,0.1643,False,-1,False,50,-1,image_02232.jpg.png,23
0.0152483501,0.1643,False,-1,False,50,-1,image_02233.jpg.png,23
0.0149871211,0.2323552883,False,-1,False,50,-1,image_02234.jpg.png,23
0.01396312,0.1643,False,-1,False,50,-1,image_02235.jpg.png,23
0.0122579771,0.2323552883,False,-1,False,50,-1,image_02236.jpg.png,23
0.0092496547,0.2323552883,False,-1,False,50,-1,image_02237.jpg.png,23
0.0052964459,0.1643,False,-1,False,50,-1,image_02238.jpg.png,23
0.000762646,0.1643,False,-1,False,50,-1,image_02239.jpg.png,23
-0.0036139099,0.1643,False,-1,False,50,-1,image_02240.jpg.png,24
-0.0079436774,0,False,-1,False,50,-1,image_02241.jpg.png,24
-0.012173842,0,False,-1,False,50,-1,image_02242.jpg.png,24
-0.0168205244,0,False,-1,False,50,-1,image_02243.jpg.png,24
-0.0216211375,0,False,-1,False,50,-1,image_02244.jpg.png,24
-0.0264648991,0.1643,False,-1,False,50,-1,image_02245.jpg.png,24
-0.0309304835,0,False,-1,False,50,-1,image_02246.jpg.png,24
-0.0345294835,0.1643,False,-1,False,50,-1,image_02247.jpg.png,24
-0.0361113991,0.2323552883,False,-1,False,50,-1,image_02248.jpg.png,24
-0.0364703974,0.1643,False,-1,False,50,-1,image_02249.jpg.png,24
-0.036525246,0.2323552883,False,-1,False,50,-1,image_02250.jpg.png,25
-0.0365327154,0.2323552883,False,-1,False,50,-1,image_02251.jpg.png,25
-0.0367968968,0.1643,False,-1,False,50,-1,image_02252.jpg.png,25
-0.0372278004,0.1643,False,-1,False,50,-1,image_02253.jpg.png,25
-0.0373753395,0.1643,False,-1,False,50,-1,image_02254.jpg.png,25
-0.038463503,0.2323552883,False,-1,False,50,-1,image_02255.jpg.png,25
-0.0408422468,0.1643,False,-1,False,50,-1,image_02256.jpg.png,25
-0.0440231264,0,False,-1,False,50,-1,image_02257.jpg.png,25
-0.0477765773,0.1643,False,-1,False,50,-1,image_02258.jpg.png,25
-0.0515343143,0,False,-1,False,50,-1,image_02259.jpg.png,25
-0.0551210555,0.1643,False,-1,False,50,-1,image_02260.jpg.png,26
-0.059353892,0,False,-1,False,50,-1,image_02261.jpg.png,26
-0.0635419583,0.1643,False,-1,False,50,-1,image_02262.jpg.png,26
-0.0670893097,0.2323552883,False,-1,False,50,-1,image_02263.jpg.png,26
-0.0705636822,0.1643,False,-1,False,50,-1,image_02264.jpg.png,26
-0.0742319036,0,False,-1,False,50,-1,image_02265.jpg.png,26
-0.0779390405,0.1643,False,-1,False,50,-1,image_02266.jpg.png,26
-0.0822427171,0,False,-1,False,50,-1,image_02267.jpg.png,26
-0.0868601142,0,False,-1,False,50,-1,image_02268.jpg.png,26
-0.0922194679,0.1643,False,-1,False,50,-1,image_02269.jpg.png,26
-0.0985135828,0.1643,False,-1,False,50,-1,image_02270.jpg.png,27
-0.1055757617,0.1643,False,-1,False,50,-1,image_02271.jpg.png,27
-0.1140595526,0.1643,False,-1,False,50,-1,image_02272.jpg.png,27
-0.1229199312,0.1643,False,-1,False,50,-1,image_02273.jpg.png,27
-0.1316327373,0.1643,False,-1,False,50,-1,image_02274.jpg.png,27
-0.1409777779,0,False,-1,False,50,-1,image_02275.jpg.png,27
-0.150824583,0,False,-1,False,50,-1,image_02276.jpg.png,27
-0.1607406137,0.1643,False,-1,False,50,-1,image_02277.jpg.png,27
-0.1716329592,0.1643,False,-1,False,50,-1,image_02278.jpg.png,27
-0.1832992692,0.1643,False,-1,False,50,-1,image_02279.jpg.png,27
-0.1954060162,0.3286,False,-1,False,50,-1,image_02280.jpg.png,28
-0.2085721686,0.1643,False,-1,False,50,-1,image_02281.jpg.png,28
-0.2230640426,0.2323552883,False,-1,False,50,-1,image_02282.jpg.png,28
-0.2381162291,0.1643,False,-1,False,50,-1,image_02283.jpg.png,28
-0.2552142227,0.1643,False,-1,False,50,-1,image_02284.jpg.png,28
-0.2742382809,0.2323552883,False,-1,False,50,-1,image_02285.jpg.png,28
-0.2951083425,0.2323552883,False,-1,False,50,-1,image_02286.jpg.png,28
-0.3187064798,0.3286,False,-1,False,50,-1,image_02287.jpg.png,28
-0.3447615829,0.3673859687,False,-1,False,50,-1,image_02288.jpg.png,28
-0.3711725509,0.1643,False,-1,False,50,-1,image_02289.jpg.png,28
-0.3986967202,0.2323552883,False,-1,False,50,-1,image_02290.jpg.png,29
-0.4286444993,0.1643,False,-1,False,50,-1,image_02291.jpg.png,29
-0.4603729345,0.1643,False,-1,False,50,-1,image_02292.jpg.png,29
-0.4931453621,0,False,-1,False,50,-1,image_02293.jpg.png,29
-0.5262300786,0,False,-1,False,50,-1,image_02294.jpg.png,29
-0.5594878008,0.1643,False,-1,False,50,-1,image_02295.jpg.png,29
-0.5933050863,0.1643,False,-1,False,50,-1,image_02296.jpg.png,29
-0.6269745665,0,False,-1,False,50,-1,image_02297.jpg.png,29
-0.6604983717,0.1643,False,-1,False,50,-1,image_02298.jpg.png,29
-0.6938127193,0.1643,False,-1,False,50,-1,image_02299.jpg.png,29
-0.7271949775,0,False,-1,False,50,-1,image_02300.jpg.png,30
-0.7598328156,0.1643,False,-1,False,50,-1,image_02301.jpg.png,30
-0.7922155229,0.1643,False,-1,False,50,-1,image_02302.jpg.png,30
-0.8244194655,0.3673859687,False,-1,False,50,-1,image_02303.jpg.png,30
-0.8562568239,0.3286,False,-1,False,50,-1,image_02304.jpg.png,30
-0.8871343126,0.2323552883,False,-1,False,50,-1,image_02305.jpg.png,30
-0.9172153829,0.3673859687,False,-1,False,50,-1,image_02306.jpg.png,30
-0.945799224,0.4647105766,False,-1,False,50,-1,image_02307.jpg.png,30
-0.9722496734,0.5195622196,False,-1,False,50,-1,image_02308.jpg.png,30
-0.9966749219,0.5923920746,False,-1,False,50,-1,image_02309.jpg.png,30
-1.0192079279,0.4929,False,-1,False,50,-1,image_02310.jpg.png,31
-1.0407982414,0.4647105766,False,-1,False,50,-1,image_02311.jpg.png,31
-1.0620057255,0.5195622196,False,-1,False,50,-1,image_02312.jpg.png,31
-1.0824819056,0.4647105766,False,-1,False,50,-1,image_02313.jpg.png,31
-1.101608662,0.6774262543,False,-1,False,50,-1,image_02314.jpg.png,31
-1.1193469793,0.5195622196,False,-1,False,50,-1,image_02315.jpg.png,31
-1.1357781506,0.5923920746,False,-1,False,50,-1,image_02316.jpg.png,31
-1.1510288758,0.5195622196,False,-1,False,50,-1,image_02317.jpg.png,31
-1.1653743925,0.6774262543,False,-1,False,50,-1,image_02318.jpg.png,31
-1.1799164504,0.6572,False,-1,False,50,-1,image_02319.jpg.png,31
-1.194175947,0.5195622196,False,-1,False,50,-1,image_02320.jpg.png,32
-1.2079832389,0.5923920746,False,-1,False,50,-1,image_02321.jpg.png,32
-1.2216152947,0.6774262543,False,-1,False,50,-1,image_02322.jpg.png,32
-1.2354220539,0.6572,False,-1,False,50,-1,image_02323.jpg.png,32
-1.24932229,0.6774262543,False,-1,False,50,-1,image_02324.jpg.png,32
-1.2629953585,0.5195622196,False,-1,False,50,-1,image_02325.jpg.png,32
-1.2765320732,0.5923920746,False,-1,False,50,-1,image_02326.jpg.png,32
-1.2898143228,0.6774262543,False,-1,False,50,-1,image_02327.jpg.png,32
-1.3026140077,0.6774262543,False,-1,False,50,-1,image_02328.jpg.png,32
-1.3150556305,0.4929,False,-1,False,50,-1,image_02329.jpg.png,32
-1.327010028,0.5195622196,False,-1,False,50,-1,image_02330.jpg.png,33
-1.3378767905,0.4929,False,-1,False,50,-1,image_02331.jpg.png,33
-1.3476733617,0.6774262543,False,-1,False,50,-1,image_02332.jpg.png,33
-1.3565616619,0.5923920746,False,-1,False,50,-1,image_02333.jpg.png,33
-1.3646261131,0.6572,False,-1,False,50,-1,image_02334.jpg.png,33
-1.3725427589,0.6774262543,False,-1,False,50,-1,image_02335.jpg.png,33
-1.3794403462,0.6572,False,-1,False,50,-1,image_02336.jpg.png,33
-1.386346056,0.4929,False,-1,False,50,-1,image_02337.jpg.png,33
-1.393123801,0.5195622196,False,60,False,50,-1,image_02338.jpg.png,33
-1.3995775724,0.4929,False,60,False,50,-1,image_02339.jpg.png,33
-1.4051474407,0.4929,False,60,False,50,-1,image_02340.jpg.png,34
-1.4106217015,0.5195622196,False,60,False,50,-1,image_02341.jpg.png,34
-1.4155758469,0.4929,False,60,False,50,-1,image_02342.jpg.png,34
-1.4203442368,0.3286,False,60,False,50,-1,image_02343.jpg.png,34
-1.4256071758,0.3286,False,60,False,50,-1,image_02344.jpg.png,34
-1.4311683887,0.3673859687,False,60,False,50,-1,image_02345.jpg.png,34
-1.4371181569,0.3673859687,False,60,False,50,-1,image_02346.jpg.png,34
-1.4432520827,0.3286,False,60,False,50,-1,image_02347.jpg.png,34
-1.4492951947,0.3673859687,False,60,False,50,-1,image_02348.jpg.png,34
-1.4551426975,0.3673859687,False,60,False,50,-1,image_02349.jpg.png,34
-1.4606668926,0.3286,False,60,False,50,-1,image_02350.jpg.png,35
-1.4662277061,0.3673859687,False,60,False,50,-1,image_02351.jpg.png,35
-1.4716637505,0.3673859687,False,60,False,50,-1,image_02352.jpg.png,35
-1.4767566466,0.3673859687,False,60,False,50,0,image_02353.jpg.png,35
-1.4854397502,0.3286,False,60,False,50,0,image_02354.jpg.png,35
-1.4966636426,0.3286,False,60,False,50,0,image_02355.jpg.png,35
-1.5073012401,0.3286,False,60,False,50,0,image_02356.jpg.png,35
-1.516987157,0.3286,False,-1,False,50,0,image_02357.jpg.png,35
-1.5254554766,0.3673859687,False,-1,False,50,0,image_02358.jpg.png,35
-1.5327430838,0.3286,False,-1,False,50,0,image_02359.jpg.png,35
-1.5395169672,0.3286,False,-1,False,44.070281074,0,image_02360.jpg.png,36
-1.5456655403,0.3286,False,-1,False,44.3167182236,0,image_02361.jpg.png,36
-1.5510499194,0.3673859687,False,-1,False,44.5422827945,0,image_02362.jpg.png,36
-1.555593938,0.3673859687,False,-1,False,44.7473150525,0,image_02363.jpg.png,36
-1.5594458011,0.3286,False,-1,False,44.9328459341,0,image_02364.jpg.png,36
-1.5624298731,0.3286,False,-1,False,45.0992215781,0,image_02365.jpg.png,36
-1.5648633365,0.3673859687,False,-1,False,45.2455869036,0,image_02366.jpg.png,36
-1.5667380688,0.3673859687,False,-1,False,45.3717804694,0,image_02367.jpg.png,36
-1.5677299631,0.3286,False,-1,False,45.4787955904,0,image_02368.jpg.png,36
-1.5680099945,0.3286,False,-1,False,45.5683091756,0,image_02369.jpg.png,36
-1.568077772,0.3286,False,-1,False,45.6481337069,0,image_02370.jpg.png,37
-1.5680836309,0.3286,False,-1,False,45.7239903435,0,image_02371.jpg.png,37
-1.5680889572,0.3286,False,-1,False,45.7944200273,0,image_02372.jpg.png,37
-1.568082832,0.3286,False,-1,False,45.8591392455,0,image_02373.jpg.png,37
-1.5680813672,0.3673859687,False,-1,False,45.9053201026,0,image_02374.jpg.png,37
-1.5680767067,0.3673859687,False,-1,False,45.933446733,0,image_02375.jpg.png,37
-1.5680724456,0.3673859687,False,-1,False,45.9480955407,0,image_02376.jpg.png,37
-1.5680676519,0.3673859687,False,-1,False,45.9520409267,0,image_02377.jpg.png,37
-1.5680637904,0.3673859687,False,-1,False,45.9485964092,0,image_02378.jpg.png,37
-1.5680629914,0.3286,False,-1,False,45.9424272796,0,image_02379.jpg.png,37
-1.5680632577,0.3286,False,-1,False,45.9359355938,0,image_02380.jpg.png,38
-1.5680633909,0.3673859687,False,-1,False,45.9272595608,0,image_02381.jpg.png,38
-1.5680639235,0.3673859687,False,-1,False,45.919254679,0,image_02382.jpg.png,38
-1.5680637904,0.3673859687,False,-1,False,45.9095529003,0,image_02383.jpg.png,38
-1.5680637904,0.3673859687,False,-1,False,45.9010669584,0,image_02384.jpg.png,38
-1.5680637904,0.3673859687,False,-1,False,45.8912079367,0,image_02385.jpg.png,38
-1.5680641898,0.3673859687,False,-1,False,45.8829291255,0,image_02386.jpg.png,38
-1.5680636572,0.3286,False,-1,False,45.8735545332,0,image_02387.jpg.png,38
-1.5680648556,0.3673859687,False,-1,False,45.8660160643,0,image_02388.jpg.png,38
-1.5680556677,0.3673859687,False,-1,False,45.8458227454,0,image_02389.jpg.png,38
-1.5680394224,0.3673859687,False,-1,False,45.8091780978,0,image_02390.jpg.png,39
-1.5680222451,0.3286,False,-1,False,45.7591934159,0,image_02391.jpg.png,39
-1.5680067987,0.3286,False,-1,False,45.6988602852,0,image_02392.jpg.png,39
-1.5679936161,0.3673859687,False,-1,False,45.6296677989,0,image_02393.jpg.png,39
-1.5679834961,0.3286,False,-1,False,45.5524310359,0,image_02394.jpg.png,39
-1.5679756397,0.3673859687,False,-1,False,45.4673565218,0,image_02395.jpg.png,39
-1.5679697808,0.3673859687,False,-1,False,45.3758026698,0,image_02396.jpg.png,39
-1.5679648539,0.3286,False,-1,False,45.2801386009,0,image_02397.jpg.png,39
-1.5679628566,0.3673859687,False,-1,False,45.1820940307,0,image_02398.jpg.png,39
-1.5679609923,0.3673859687,False,-1,False,45.0828517087,0,image_02399.jpg.png,39
-1.567960726,0.3673859687,False,-1,False,44.9855092751,0,image_02400.jpg.png,40
-1.5679605929,0.3673859687,False,-1,False,44.890715218,0,image_02401.jpg.png,40
-1.567960726,0.3286,False,-1,False,44.7960267225,0,image_02402.jpg.png,40
-1.5679627234,0.3673859687,False,-1,False,44.7005737317,0,image_02403.jpg.png,40
-1.5679636555,0.3673859687,False,-1,False,44.6055425585,0,image_02404.jpg.png,40
-1.5679659192,0.3286,False,-1,False,44.5107492501,0,image_02405.jpg.png,40
-1.5679679166,0.3673859687,False,-1,False,44.4199069951,0,image_02406.jpg.png,40
-1.5679696476,0.3286,False,-1,False,44.3317653835,0,image_02407.jpg.png,40
-1.5679717781,0.3286,False,-1,False,44.2431363349,0,image_02408.jpg.png,40
-1.5679731097,0.3673859687,False,-1,False,44.1540651415,0,image_02409.jpg.png,40
-1.5679756397,0.3286,False,-1,False,50,0,image_02410.jpg.png,41
-1.5679769713,0.3286,False,-1,False,50,0,image_02411.jpg.png,41
-1.5679785692,0.3286,False,-1,False,50,0,image_02412.jpg.png,41
-1.5679799008,0.3286,False,-1,False,50,0,image_02413.jpg.png,41
-1.5679808329,0.3673859687,False,-1,False,50,0,image_02414.jpg.png,41
-1.567981765,0.3673859687,False,-1,False,50,0,image_02415.jpg.png,41
-1.5679822976,0.3286,False,-1,False,50,0,image_02416.jpg.png,41
-1.5679834961,0.3286,False,-1,False,50,0,image_02417.jpg.png,41
-1.5679834961,0.3286,False,-1,False,50,0,image_02418.jpg.png,41
-1.5679833629,0.3286,False,-1,False,50,0,image_02419.jpg.png,41
-1.5679833629,0.3286,False,-1,False,50,0,image_02420.jpg.png,42
-1.5679833629,0.3673859687,False,-1,False,50,0,image_02421.jpg.png,42
-1.5679833629,0.3673859687,False,-1,False,50,0,image_02422.jpg.png,42
-1.5679833629,0.3286,False,-1,False,50,0,image_02423.jpg.png,42
-1.5679834961,0.3673859687,False,-1,False,50,0,image_02424.jpg.png,42
-1.5679834961,0.3286,False,-1,False,50,0,image_02425.jpg.png,42
-1.5679833629,0.3286,False,-1,False,50,0,image_02426.jpg.png,42
-1.5679833629,0.3673859687,False,-1,False,50,0,image_02427.jpg.png,42
-1.5679837624,0.3673859687,False,-1,False,50,0,image_02428.jpg.png,42
-1.5679908197,0.3286,False,-1,False,50,0,image_02429.jpg.png,42
-1.5680122582,0.3673859687,False,-1,False,50,0,image_02430.jpg.png,43
-1.5680346287,0.3673859687,False,30,False,50,0,image_02431.jpg.png,43
-1.5680538035,0.3673859687,False,30,False,50,0,image_02432.jpg.png,43
-1.5680664535,0.3673859687,False,30,False,50,0,image_02433.jpg.png,43
-1.5680755083,0.3673859687,False,30,False,50,0,image_02434.jpg.png,43
-1.5680805683,0.3673859687,False,30,False,50,0,image_02435.jpg.png,43
-1.5680824325,0.3673859687,False,30,False,50,0,image_02436.jpg.png,43
-1.5680830983,0.3286,False,30,False,50,0,image_02437.jpg.png,43
-1.5680817667,0.3286,False,30,False,50,0,image_02438.jpg.png,43
-1.5680792367,0.3673859687,False,30,False,50,0,image_02439.jpg.png,43
-1.568077772,0.3673859687,False,30,False,50,0,image_02440.jpg.png,44
-1.5680728451,0.3673859687,False,30,False,50,0,image_02441.jpg.png,44
-1.568070182,0.3673859687,False,30,False,50,0,image_02442.jpg.png,44
-1.5680648556,0.3673859687,False,30,False,50,0,image_02443.jpg.png,44
-1.568061793,0.3673859687,False,30,False,50,0,image_02444.jpg.png,44
-1.5680564667,0.3286,False,30,False,50,0,image_02445.jpg.png,44
-1.5680522056,0.3673859687,False,30,False,50,0,image_02446.jpg.png,44
-1.5680474119,0.3673859687,False,30,False,50,0,image_02447.jpg.png,44
-1.5680474119,0.3673859687,False,30,False,50,0,image_02448.jpg.png,44
-1.568051673,0.3673859687,False,30,False,50,0,image_02449.jpg.png,44
-1.5680629914,0.3673859687,False,30,False,50,0,image_02450.jpg.png,45
-1.568077772,0.3673859687,False,30,False,50,0,image_02451.jpg.png,45
-1.5680948162,0.3286,False,-1,False,50,0,image_02452.jpg.png,45
-1.5681097299,0.3673859687,False,-1,False,50,0,image_02453.jpg.png,45
-1.5681202494,0.2323552883,False,-1,False,50,0,image_02454.jpg.png,45
-1.5681235783,0.1643,False,-1,False,50,0,image_02455.jpg.png,45
-1.5681362283,0.1643,False,-1,False,50,0,image_02456.jpg.png,45
-1.5681321004,0.1643,False,-1,False,50,0,image_02457.jpg.png,45
-1.568130902,0.2323552883,False,-1,False,50,0,image_02458.jpg.png,45
-1.5681299699,0.2323552883,False,-1,False,50,0,image_02459.jpg.png,45
-1.5681281057,0.1643,False,-1,False,50,0,image_02460.jpg.png,46
-1.5681267741,0.1643,False,-1,False,50,0,image_02461.jpg.png,46
-1.5681235783,0.2323552883,False,-1,False,50,0,image_02462.jpg.png,46
-1.5681202494,0.1643,False,-1,False,50,0,image_02463.jpg.png,46
-1.5681159883,0.1643,False,-1,False,50,0,image_02464.jpg.png,46
-1.5681107952,0.1643,False,-1,False,50,0,image_02465.jpg.png,46
-1.5681053357,0.2323552883,False,-1,False,50,0,image_02466.jpg.png,46
-1.5681928205,0.2323552883,False,-1,False,50,0,image_02467.jpg.png,46
-1.5682475485,0.2323552883,False,-1,False,50,0,image_02468.jpg.png,46
-1.5682885612,0.2323552883,False,-1,False,50,0,image_02469.jpg.png,46
-1.5683008117,0.1643,False,-1,False,50,0,image_02470.jpg.png,47
-1.5682988143,0.1643,False,-1,False,50,0,image_02471.jpg.png,47
-1.56861613,0.2323552883,False,-1,False,50,0,image_02472.jpg.png,47
-1.569149428,0.1643,False,-1,False,50,0,image_02473.jpg.png,47
-1.5702350656,0.1643,False,-1,False,50,0,image_02474.jpg.png,47
-1.5719674519,0.3286,False,-1,False,50,0,image_02475.jpg.png,47
-1.5744576407,0.3286,False,-1,False,50,0,image_02476.jpg.png,47
-1.576717466,0.3286,False,-1,False,50,0,image_02477.jpg.png,47
-1.5783767485,0.5195622196,False,-1,False,50,0,image_02478.jpg.png,47
-1.579607129,0.5195622196,False,-1,False,50,0,image_02479.jpg.png,47
-1.5800440205,0.5195622196,False,-1,False,50,0,image_02480.jpg.png,48
-1.5801536096,0.5195622196,False,-1,False,50,0,image_02481.jpg.png,48
-1.5801759802,0.4929,False,-1,False,50,0,image_02482.jpg.png,48
-1.580183437,0.4929,False,-1,False,50,0,image_02483.jpg.png,48
-1.5801835702,0.4929,False,-1,False,50,0,image_02484.jpg.png,48
-1.5801837033,0.4929,False,-1,False,50,0,image_02485.jpg.png,48
-1.5801833039,0.5195622196,False,-1,False,50,0,image_02486.jpg.png,48
-1.5801701212,0.5195622196,False,-1,False,50,0,image_02487.jpg.png,48
-1.5801520117,0.5195622196,False,-1,False,50,0,image_02488.jpg.png,48
-1.5809485632,0.3286,False,-1,False,50,-1,image_02489.jpg.png,48
-1.5781944552,0.3286,False,-1,False,50,-1,image_02490.jpg.png,49
-1.5717294984,0.3673859687,False,-1,False,50,-1,image_02491.jpg.png,49
-1.5631655713,0.2323552883,False,-1,False,50,-1,image_02492.jpg.png,49
-1.5532828468,0.2323552883,False,-1,False,50,-1,image_02493.jpg.png,49
-1.5435426015,0.1643,False,-1,False,50,-1,image_02494.jpg.png,49
-1.5350519113,0,False,-1,False,50,-1,image_02495.jpg.png,49
-1.5272451209,0.1643,False,-1,False,50,-1,image_02496.jpg.png,49
-1.5209739091,0.1643,False,-1,False,50,-1,image_02497.jpg.png,49
-1.5176426941,0.1643,False,-1,False,50,-1,image_02498.jpg.png,49
-1.5163511941,0.1643,False,-1,False,50,-1,image_02499.jpg.png,49
-1.5159878058,0.1643,False,-1,False,50,-1,image_02500.jpg.png,50
-1.515928151,0.1643,False,-1,False,50,-1,image_02501.jpg.png,50
-1.5159040494,0,False,-1,False,50,-1,image_02502.jpg.png,50
-1.5165864844,0.2323552883,False,-1,False,50,-1,image_02503.jpg.png,50
-1.5174919592,0.2323552883,False,-1,False,50,-1,image_02504.jpg.png,50
-1.5196842734,0.2323552883,False,-1,False,50,-1,image_02505.jpg.png,50
-1.5227331933,0.1643,False,-1,False,50,-1,image_02506.jpg.png,50
-1.5255098051,0.1643,False,-1,False,50,-1,image_02507.jpg.png,50
-1.5279499264,0.1643,False,-1,False,50,-1,image_02508.jpg.png,50
-1.5303688757,0.2323552883,False,-1,False,50,-1,image_02509.jpg.png,50
-1.5323891497,0.2323552883,False,-1,False,50,-1,image_02510.jpg.png,51
-1.5345549654,0.1643,False,-1,False,50,-1,image_02511.jpg.png,51
-1.5369049388,0.2323552883,False,-1,False,50,-1,image_02512.jpg.png,51
-1.5391652967,0.1643,False,-1,False,50,-1,image_02513.jpg.png,51
-1.5412597398,0.2323552883,False,-1,False,50,-1,image_02514.jpg.png,51
-1.5430532456,0.2323552883,False,-1,False,50,-1,image_02515.jpg.png,51
-1.5445850959,0.1643,False,-1,False,50,-1,image_02516.jpg.png,51
-1.5461879194,0.2323552883,False,-1,False,50,-1,image_02517.jpg.png,51
-1.5474981946,0.2323552883,False,-1,False,50,-1,image_02518.jpg.png,51
-1.5480779648,0.1643,False,-1,False,50,-1,image_02519.jpg.png,51
-1.5482063292,0.2323552883,False,-1,False,50,-1,image_02520.jpg.png,52
-1.5485848975,0.2323552883,False,-1,False,50,-1,image_02521.jpg.png,52
-1.5487273766,0.1643,False,-1,False,50,-1,image_02522.jpg.png,52
-1.548747084,0.1643,False,-1,False,50,-1,image_02523.jpg.png,52
-1.5487490814,0.2323552883,False,-1,False,50,-1,image_02524.jpg.png,52
-1.5487489482,0.2323552883,False,-1,False,50,-1,image_02525.jpg.png,52
-1.5487490814,0.1643,False,-1,False,50,-1,image_02526.jpg.png,52
-1.5487586688,0.3673859687,False,-1,False,50,-1,image_02527.jpg.png,52
-1.5487719846,0.3286,False,-1,False,50,-1,image_02528.jpg.png,52
-1.5487821046,0.3673859687,False,-1,False,50,-1,image_02529.jpg.png,52
-1.5487910262,0.3286,False,-1,False,50,-1,image_02530.jpg.png,53
-1.5487974178,0.3673859687,False,-1,False,50,-1,image_02531.jpg.png,53
-1.5488022115,0.3286,False,-1,False,50,-1,image_02532.jpg.png,53
-1.5488054073,0.3286,False,-1,False,50,-1,image_02533.jpg.png,53
-1.5488070052,0.3673859687,False,-1,False,50,-1,image_02534.jpg.png,53
-1.5488076709,0.3286,False,-1,False,50,-1,image_02535.jpg.png,53
-1.5488051409,0.3286,False,-1,False,50,-1,image_02536.jpg.png,53
-1.5488079373,0.3673859687,False,-1,False,50,-1,image_02537.jpg.png,53
-1.548803543,0.3286,False,-1,False,50,-1,image_02538.jpg.png,53
-1.548801812,0.3286,False,-1,False,50,-1,image_02539.jpg.png,53
-1.5487991488,0.3286,False,-1,False,50,-1,image_02540.jpg.png,54
-1.548795953,0.3673859687,False,-1,False,50,-1,image_02541.jpg.png,54
-1.5487923578,0.3286,False,-1,False,50,-1,image_02542.jpg.png,54
-1.549273591,0.3673859687,False,-1,False,50,-1,image_02543.jpg.png,54
-1.5500953093,0.3286,False,-1,False,50,-1,image_02544.jpg.png,54
-1.5512145028,0.3286,False,-1,False,50,-1,image_02545.jpg.png,54
-1.5528251826,0.3286,False,-1,False,50,-1,image_02546.jpg.png,54
-1.5553467967,0.3286,False,-1,False,50,-1,image_02547.jpg.png,54
-1.5584393925,0.3673859687,False,-1,False,50,-1,image_02548.jpg.png,54
-1.5624106983,0.3286,False,-1,False,50,-1,image_02549.jpg.png,54
-1.5675338213,0.3673859687,False,-1,False,50,-1,image_02550.jpg.png,55
-1.573821012,0.1643,False,-1,False,50,-1,image_02551.jpg.png,55
-1.5812658788,0.1643,False,-1,False,50,-1,image_02552.jpg.png,55
-1.5896598963,0.2323552883,False,-1,False,50,-1,image_02553.jpg.png,55
-1.5991707103,0,False,-1,False,50,-1,image_02554.jpg.png,55
-1.6100758223,0.1643,False,-1,False,50,-1,image_02555.jpg.png,55
-1.622015173,0.2323552883,False,-1,False,50,-1,image_02556.jpg.png,55
-1.635034036,0.1643,False,-1,False,50,-1,image_02557.jpg.png,55
-1.6491214924,0.1643,False,-1,False,50,-1,image_02558.jpg.png,55
-1.6638711437,0.3286,False,-1,False,50,-1,image_02559.jpg.png,55
-1.6784249196,0.2323552883,False,-1,False,50,-1,image_02560.jpg.png,56
-1.6941780501,0,False,-1,False,50,-1,image_02561.jpg.png,56
-1.7111066999,0,False,-1,False,50,-1,image_02562.jpg.png,56
-1.7299159409,0.1643,False,-1,False,50,-1,image_02563.jpg.png,56
-1.7499463744,0,False,-1,False,50,-1,image_02564.jpg.png,56
-1.7701223496,0,False,-1,False,50,-1,image_02565.jpg.png,56
-1.7911535991,0,False,-1,False,50,-1,image_02566.jpg.png,56
-1.8129997758,0.2323552883,False,-1,False,50,-1,image_02567.jpg.png,56
-1.8350270475,0.3286,False,-1,False,50,-1,image_02568.jpg.png,56
-1.8572359468,0.1643,False,-1,False,50,-1,image_02569.jpg.png,56
-1.8797208827,0.2323552883,False,-1,False,50,-1,image_02570.jpg.png,57
-1.901741097,0.1643,False,-1,False,50,-1,image_02571.jpg.png,57
-1.9229285409,0.4647105766,False,-1,False,50,-1,image_02572.jpg.png,57
-1.9431166335,0.4647105766,False,-1,False,50,-1,image_02573.jpg.png,57
-1.9622359996,0.3673859687,False,-1,False,50,-1,image_02574.jpg.png,57
-1.9813625563,0.4647105766,False,-1,False,50,-1,image_02575.jpg.png,57
-1.999969397,0.5923920746,False,-1,False,50,-1,image_02576.jpg.png,57
-2.0179286901,0.4647105766,False,-1,False,50,-1,image_02577.jpg.png,57
-2.0352448298,0.4647105766,False,-1,False,50,-1,image_02578.jpg.png,57
-2.0525311422,0.5923920746,False,-1,False,50,-1,image_02579.jpg.png,57
-2.0699791084,0.5195622196,False,-1,False,50,-1,image_02580.jpg.png,58
-2.0868710065,0.5923920746,False,-1,False,50,-1,image_02581.jpg.png,58
-2.1042047231,0.5923920746,False,-1,False,50,-1,image_02582.jpg.png,58
-2.1221726715,0.6774262543,False,-1,False,50,-1,image_02583.jpg.png,58
-2.1402383579,0.6970658649,False,-1,False,50,-1,image_02584.jpg.png,58
-2.1585827441,0.7347719374,False,-1,False,50,-1,image_02585.jpg.png,58
-2.1765988958,0.5923920746,False,-1,False,50,-1,image_02586.jpg.png,58
-2.1941448663,0.6970658649,False,-1,False,50,-1,image_02587.jpg.png,58
-2.2115415666,0.6774262543,False,-1,False,50,-1,image_02588.jpg.png,58
-2.2290483887,0.7347719374,False,-1,False,50,-1,image_02589.jpg.png,58
-2.2467726579,0.6970658649,False,-1,False,50,-1,image_02590.jpg.png,59
-2.2647841489,0.7347719374,False,-1,False,50,-1,image_02591.jpg.png,59
-2.2834390597,0.7347719374,False,-1,False,50,-1,image_02592.jpg.png,59
-2.3026524354,0.6970658649,False,-1,False,50,-1,image_02593.jpg.png,59
-2.3213744579,0.6774262543,False,-1,False,50,-1,image_02594.jpg.png,59
-2.3404741166,0.6970658649,False,-1,False,50,-1,image_02595.jpg.png,59
-2.359383093,0.6774262543,False,-1,False,50,-1,image_02596.jpg.png,59
-2.3785061875,0.5923920746,False,-1,False,50,-1,image_02597.jpg.png,59
-2.3984346219,0.6572,False,-1,False,50,-1,image_02598.jpg.png,59
-2.4183023363,0.6774262543,False,-1,False,50,-1,image_02599.jpg.png,59
-2.4383788425,0.5923920746,False,-1,False,50,-1,image_02600.jpg.png,60
-2.4587853143,0.5195622196,False,-1,False,50,-1,image_02601.jpg.png,60
-2.4790895208,0.5195622196,False,-1,False,50,-1,image_02602.jpg.png,60
-2.4986203453,0.6572,False,-1,False,50,-1,image_02603.jpg.png,60
-2.517730923,0.5195622196,False,-1,False,50,-1,image_02604.jpg.png,60
-2.5365008823,0.5923920746,False,-1,False,50,-1,image_02605.jpg.png,60
-2.5546346125,0.6774262543,False,-1,False,50,-1,image_02606.jpg.png,60
-2.572948905,0.5195622196,False,-1,False,50,-1,image_02607.jpg.png,60
-2.5920309868,0.4647105766,False,-1,False,50,-1,image_02608.jpg.png,60
-2.6117642116,0.4929,False,-1,False,50,-1,image_02609.jpg.png,60
-2.6318684146,0.3286,False,-1,False,50,-1,image_02610.jpg.png,61
-2.6516008404,0.3673859687,False,-1,False,50,-1,image_02611.jpg.png,61
-2.6705915758,0.4929,False,-1,False,50,-1,image_02612.jpg.png,61
-2.6896771198,0.5195622196,False,-1,False,50,-1,image_02613.jpg.png,61
-2.7089418945,0.3286,False,-1,False,50,-1,image_02614.jpg.png,61
-2.7281720481,0.5195622196,False,-1,False,50,-1,image_02615.jpg.png,61
-2.7482283143,0.4929,False,-1,False,50,-1,image_02616.jpg.png,61
-2.7686435745,0.3673859687,False,-1,False,50,-1,image_02617.jpg.png,61
-2.7887384565,0.3673859687,False,-1,False,50,-1,image_02618.jpg.png,61
-2.808609633,0.5923920746,False,-1,False,50,-1,image_02619.jpg.png,61
-2.8281804049,0.4929,False,-1,False,50,-1,image_02620.jpg.png,62
-2.8469660769,0.4929,False,-1,False,50,-1,image_02621.jpg.png,62
-2.864503259,0.5195622196,False,-1,False,50,-1,image_02622.jpg.png,62
-2.8818947662,0.4929,False,-1,False,50,-1,image_02623.jpg.png,62
-2.8983525691,0.3286,False,-1,False,50,-1,image_02624.jpg.png,62
-2.9145006464,0.8215,False,-1,False,50,0,image_02625.jpg.png,62
-2.9342069732,0.6970658649,False,-1,False,50,0,image_02626.jpg.png,62
-2.960493971,0.5195622196,False,-1,False,50,0,image_02627.jpg.png,62
-2.9907104631,0.4929,False,-1,False,50,0,image_02628.jpg.png,62
-3.0221626619,0.5195622196,False,-1,False,50,0,image_02629.jpg.png,62
-3.0535070026,0.6774262543,False,-1,False,50,0,image_02630.jpg.png,63
-3.082981538,0.6572,False,-1,False,50,0,image_02631.jpg.png,63
-3.108627513,0.6572,False,-1,False,50,0,image_02632.jpg.png,63
-3.1284105388,0.6774262543,False,-1,False,50,0,image_02633.jpg.png,63
-3.1415279388,0.6774262543,False,-1,False,50,0,image_02634.jpg.png,63
3.1350335541,0.8215,False,-1,False,50,0,image_02635.jpg.png,63
3.1331206055,0.8215,False,-1,False,50,0,image_02636.jpg.png,63
3.1327301861,0.8377689061,False,-1,False,50,0,image_02637.jpg.png,63
3.1326553513,0.8377689061,False,-1,False,50,0,image_02638.jpg.png,63
3.1329850506,0.9858,False,60,False,50,0,image_02639.jpg.png,63
3.134804256,0.9858,False,60,False,50,0,image_02640.jpg.png,64
3.1382274832,0.8215,False,60,False,50,0,image_02641.jpg.png,64
-3.1399558748,0.6572,False,60,False,50,0,image_02642.jpg.png,64
-3.1340404614,0.6572,False,60,False,50,0,image_02643.jpg.png,64
-3.1283295787,0.6572,False,60,False,50,0,image_02644.jpg.png,64
-3.1232794264,0.6774262543,False,60,False,50,0,image_02645.jpg.png,64
-3.1193501985,0.6774262543,False,60,False,50,0,image_02646.jpg.png,64
-3.1169155366,0.6774262543,False,60,False,50,0,image_02647.jpg.png,64
-3.1160334977,0.6774262543,False,60,False,50,0,image_02648.jpg.png,64
-3.1158068627,0.6774262543,False,60,False,50,0,image_02649.jpg.png,64
-3.1157434794,0.6774262543,False,60,False,50,0,image_02650.jpg.png,65
-3.1157229731,0.6774262543,False,60,False,50,0,image_02651.jpg.png,65
-3.1157152499,0.6774262543,False,60,False,50,0,image_02652.jpg.png,65
-3.1157125868,0.6774262543,False,60,False,50,0,image_02653.jpg.png,65
-3.1157107225,0.6774262543,False,60,False,50,0,image_02654.jpg.png,65
-3.1157104562,0.6774262543,False,60,False,50,0,image_02655.jpg.png,65
-3.115709391,0.6774262543,False,60,False,50,0,image_02656.jpg.png,65
-3.1157088583,0.6774262543,False,60,False,50,0,image_02657.jpg.png,65
-3.1157091246,0.6774262543,False,60,False,50,0,image_02658.jpg.png,65
-3.115708592,0.6774262543,False,-1,False,50,0,image_02659.jpg.png,65
-3.1157088583,0.4929,False,-1,False,50,0,image_02660.jpg.png,66
-3.1157011352,0.5195622196,False,-1,False,50,0,image_02661.jpg.png,66
-3.1156840909,0.5195622196,False,-1,False,50,0,image_02662.jpg.png,66
-3.1158406848,0.5195622196,False,-1,False,50,0,image_02663.jpg.png,66
-3.1165730541,0.4929,False,-1,False,50,0,image_02664.jpg.png,66
-3.1180476464,0.4929,False,-1,False,50,0,image_02665.jpg.png,66
-3.1204524809,0.4929,False,-1,False,50,0,image_02666.jpg.png,66
-3.1238565334,0.4929,False,-1,False,50,0,image_02667.jpg.png,66
-3.1276241074,0.5195622196,False,-1,False,50,0,image_02668.jpg.png,66
-3.1314148509,0.4929,False,-1,False,50,0,image_02669.jpg.png,66
-3.1351049269,0.4929,False,-1,False,50,0,image_02670.jpg.png,67
-3.1382866054,0.5195622196,False,-1,False,50,0,image_02671.jpg.png,67
-3.1408733338,0.4929,False,-1,False,50,0,image_02672.jpg.png,67
3.140230713,0.6774262543,False,-1,False,50,0,image_02673.jpg.png,67
3.1383017854,0.6572,False,-1,False,50,0,image_02674.jpg.png,67
3.1369321217,0.6572,False,-1,False,50,0,image_02675.jpg.png,67
3.1363560799,0.6774262543,False,-1,False,50,0,image_02676.jpg.png,67
3.1361747187,0.6774262543,False,-1,False,50,0,image_02677.jpg.png,67
3.1361166618,0.6774262543,False,-1,False,50,0,image_02678.jpg.png,67
3.1360932259,0.6572,False,-1,False,50,0,image_02679.jpg.png,67
3.1360812417,0.6572,False,-1,False,50,0,image_02680.jpg.png,68
3.1360729859,0.6774262543,False,-1,False,50,0,image_02681.jpg.png,68
3.1360679259,0.6774262543,False,-1,False,50,0,image_02682.jpg.png,68
3.1360644638,0.6774262543,False,-1,False,50,0,image_02683.jpg.png,68
3.1360636649,0.6774262543,False,-1,False,50,0,image_02684.jpg.png,68
3.1360625996,0.6774262543,False,-1,False,50,0,image_02685.jpg.png,68
3.1360636649,0.6572,False,-1,False,50,0,image_02686.jpg.png,68
3.1360644638,0.6572,False,-1,False,50,0,image_02687.jpg.png,68
3.1360657954,0.6774262543,False,-1,False,50,0,image_02688.jpg.png,68
3.1360673933,0.6774262543,False,90,False,50,0,image_02689.jpg.png,68
3.1360692575,0.6774262543,False,90,False,50,0,image_02690.jpg.png,69
3.1360700564,0.6774262543,False,90,False,50,0,image_02691.jpg.png,69
3.1360700564,0.6572,False,90,False,50,0,image_02692.jpg.png,69
3.1360700564,0.6572,False,90,False,50,0,image_02693.jpg.png,69
3.1360697901,0.6572,False,90,False,50,0,image_02694.jpg.png,69
3.1360700564,0.6774262543,False,90,False,50,0,image_02695.jpg.png,69
3.1360695238,0.6572,False,90,False,50,0,image_02696.jpg.png,69
3.1360697901,0.6774262543,False,90,False,50,0,image_02697.jpg.png,69
3.1360695238,0.6774262543,False,90,False,50,0,image_02698.jpg.png,69
3.1360695238,0.6572,False,90,False,50,0,image_02699.jpg.png,69
3.1360695238,0.6572,False,90,False,50,0,image_02700.jpg.png,70
3.1360625996,0.6572,False,90,False,50,0,image_02701.jpg.png,70
3.1360420933,0.6572,False,90,False,50,0,image_02702.jpg.png,70
3.1360213206,0.6572,False,90,False,50,0,image_02703.jpg.png,70
3.1360037437,0.8215,False,90,False,50,0,image_02704.jpg.png,70
3.1359917595,0.8215,False,90,False,50,0,image_02705.jpg.png,70
3.1359840363,0.8215,False,-1,False,50,0,image_02706.jpg.png,70
3.1359803079,0.8215,False,-1,False,50,0,image_02707.jpg.png,70
3.1359781774,0.8215,False,-1,False,50,0,image_02708.jpg.png,70
3.1359781774,0.8377689061,False,-1,False,50,0,image_02709.jpg.png,70
3.1359784437,0.8215,False,-1,False,50,0,image_02710.jpg.png,71
3.1359811069,0.8215,False,-1,False,50,0,image_02711.jpg.png,71
3.1359832374,0.8215,False,-1,False,50,0,image_02712.jpg.png,71
3.1359880311,0.8215,False,-1,False,50,0,image_02713.jpg.png,71
3.1359904279,0.8215,False,-1,False,50,0,image_02714.jpg.png,71
3.1359960206,0.8215,False,-1,False,50,0,image_02715.jpg.png,71
3.1359994827,0.8215,False,-1,False,50,0,image_02716.jpg.png,71
3.1360045427,0.8215,False,-1,False,50,0,image_02717.jpg.png,71
3.1360090701,0.8215,False,-1,False,50,0,image_02718.jpg.png,71
3.1360143964,0.8215,False,-1,False,50,0,image_02719.jpg.png,71
3.1360189237,0.8215,False,-1,False,50,0,image_02720.jpg.png,72
3.1360237174,0.8215,False,-1,False,50,0,image_02721.jpg.png,72
3.1360282448,0.8215,False,-1,False,50,0,image_02722.jpg.png,72
3.1360327722,0.8377689061,False,-1,False,50,0,image_02723.jpg.png,72
3.136035968,0.8215,False,-1,False,50,0,image_02724.jpg.png,72
3.1360394301,0.8215,False,-1,False,50,0,image_02725.jpg.png,72
3.1360431585,0.8215,False,-1,False,50,0,image_02726.jpg.png,72
3.136045289,0.8377689061,False,-1,False,50,0,image_02727.jpg.png,72
3.1360476859,0.8377689061,False,-1,False,50,0,image_02728.jpg.png,72
3.1360495501,0.8377689061,False,-1,False,50,0,image_02729.jpg.png,72
3.1360508817,0.8377689061,False,-1,False,50,0,image_02730.jpg.png,73
3.1360524796,0.8377689061,False,-1,False,50,0,image_02731.jpg.png,73
3.1360530122,0.8377689061,False,-1,False,50,0,image_02732.jpg.png,73
3.1360530122,0.8215,False,-1,False,50,0,image_02733.jpg.png,73
3.1360524796,0.8215,False,-1,False,50,0,image_02734.jpg.png,73
3.1360530122,0.8215,False,-1,False,50,0,image_02735.jpg.png,73
3.1360524796,0.8377689061,False,-1,False,50,0,image_02736.jpg.png,73
3.1360524796,0.8215,False,-1,False,50,0,image_02737.jpg.png,73
3.1360516806,0.8215,False,-1,False,50,0,image_02738.jpg.png,73
3.1360524796,0.8377689061,False,-1,False,50,0,image_02739.jpg.png,73
3.1360514143,0.8377689061,False,-1,False,50,0,image_02740.jpg.png,74
3.1360516806,0.8377689061,False,-1,False,50,0,image_02741.jpg.png,74
3.1360610017,0.8215,False,-1,False,50,0,image_02742.jpg.png,74
3.1360759154,0.8377689061,False,-1,False,50,0,image_02743.jpg.png,74
3.1360905628,0.8215,False,-1,False,50,0,image_02744.jpg.png,74
3.1361030796,0.8215,False,-1,False,50,0,image_02745.jpg.png,74
3.1361124007,0.8377689061,False,-1,False,50,0,image_02746.jpg.png,74
3.1361190586,0.8215,False,-1,False,50,0,image_02747.jpg.png,74
3.136122787,0.8215,False,-1,False,50,0,image_02748.jpg.png,74
3.1361257165,0.8215,False,-1,False,50,0,image_02749.jpg.png,74
3.1361265155,0.8377689061,False,-1,False,50,0,image_02750.jpg.png,75
3.1361259828,0.8377689061,False,-1,False,50,0,image_02751.jpg.png,75
3.1361249176,0.8215,False,-1,False,50,0,image_02752.jpg.png,75
3.1361225207,0.8377689061,False,-1,False,50,0,image_02753.jpg.png,75
3.1361201239,0.8377689061,False,-1,False,50,0,image_02754.jpg.png,75
3.136117727,0.8377689061,False,-1,False,50,0,image_02755.jpg.png,75
3.1361147975,0.8377689061,False,-1,False,50,0,image_02756.jpg.png,75
3.1361116018,0.8215,False,-1,False,50,0,image_02757.jpg.png,75
3.1361081396,0.8377689061,False,-1,False,50,0,image_02758.jpg.png,75
3.1361054765,0.8377689061,False,-1,False,50,0,image_02759.jpg.png,75
3.1361030796,0.8377689061,False,-1,False,50,0,image_02760.jpg.png,76
3.1361001502,0.8377689061,False,-1,False,50,0,image_02761.jpg.png,76
3.136097487,0.8215,False,-1,False,50,0,image_02762.jpg.png,76
3.1360953565,0.8215,False,-1,False,50,0,image_02763.jpg.png,76
3.1360942912,0.8377689061,False,-1,False,50,0,image_02764.jpg.png,76
3.1360921607,0.8377689061,False,-1,False,50,0,image_02765.jpg.png,76
3.1360918944,0.8377689061,False,-1,False,50,0,image_02766.jpg.png,76
3.1360905628,0.8377689061,False,-1,False,50,0,image_02767.jpg.png,76
3.1360900302,0.8377689061,False,-1,False,50,0,image_02768.jpg.png,76
3.1360894975,0.8215,False,-1,False,50,0,image_02769.jpg.png,76
3.1360894975,0.8215,False,-1,False,50,0,image_02770.jpg.png,77
3.1366929698,0.8377689061,False,-1,False,50,0,image_02771.jpg.png,77
3.1380948578,0.8377689061,False,-1,False,50,0,image_02772.jpg.png,77
3.1400711897,0.8377689061,False,-1,False,50,0,image_02773.jpg.png,77
-3.1406925051,0.6774262543,False,-1,False,50,0,image_02774.jpg.png,77
-3.1380344041,0.6572,False,-1,False,50,0,image_02775.jpg.png,77
-3.1352620534,0.6572,False,-1,False,50,0,image_02776.jpg.png,77
-3.1322247181,0.6572,False,-1,False,50,0,image_02777.jpg.png,77
-3.1293253347,0.6774262543,False,-1,False,50,0,image_02778.jpg.png,77
-3.1265154334,0.6572,False,-1,False,50,0,image_02779.jpg.png,77
-3.1236040657,0.6774262543,False,-1,False,50,0,image_02780.jpg.png,78
-3.1205741873,0.6774262543,False,-1,False,50,0,image_02781.jpg.png,78
-3.1175805279,0.6572,False,-1,False,50,0,image_02782.jpg.png,78
-3.1149000563,0.6572,False,-1,False,50,0,image_02783.jpg.png,78
-3.1121442172,0.6572,False,-1,False,50,0,image_02784.jpg.png,78
-3.1092419043,0.6774262543,False,-1,False,50,0,image_02785.jpg.png,78
-3.1060759383,0.6774262543,False,-1,False,50,0,image_02786.jpg.png,78
-3.1027954565,0.6774262543,False,-1,False,50,0,image_02787.jpg.png,78
-3.0998739688,0.5195622196,False,-1,False,50,0,image_02788.jpg.png,78
-3.0975721987,0.5195622196,False,-1,False,50,0,image_02789.jpg.png,78
-3.0960946769,0.5195622196,False,-1,False,50,0,image_02790.jpg.png,79
-3.0953383392,0.5195622196,False,-1,False,50,0,image_02791.jpg.png,79
-3.0950840073,0.5195622196,False,-1,False,50,0,image_02792.jpg.png,79
-3.0950850725,0.5195622196,False,-1,False,50,0,image_02793.jpg.png,79
-3.0950168956,0.5195622196,False,-1,False,50,0,image_02794.jpg.png,79
-3.0950709578,0.5195622196,False,-1,False,50,0,image_02795.jpg.png,79
-3.0950195588,0.5195622196,False,-1,False,50,0,image_02796.jpg.png,79
-3.0950557778,0.5195622196,False,-1,False,50,0,image_02797.jpg.png,79
-3.0950272819,0.5195622196,False,-1,False,50,0,image_02798.jpg.png,79
-3.0950403314,0.3673859687,False,-1,False,50,0,image_02799.jpg.png,79
-3.095026483,0.3673859687,False,-1,False,50,0,image_02800.jpg.png,80
-3.0950270156,0.3673859687,False,-1,False,50,0,image_02801.jpg.png,80
-3.0950192925,0.3673859687,False,-1,False,50,0,image_02802.jpg.png,80
-3.0950147651,0.3673859687,False,-1,False,50,0,image_02803.jpg.png,80
-3.0950097051,0.3673859687,False,-1,False,50,0,image_02804.jpg.png,80
-3.0950049114,0.3673859687,False,-1,False,50,0,image_02805.jpg.png,80
-3.095716508,0.3286,False,-1,False,50,0,image_02806.jpg.png,80
-3.0974547533,0.3673859687,False,-1,False,50,0,image_02807.jpg.png,80
-3.0998659793,0.3673859687,False,-1,False,50,0,image_02808.jpg.png,80
-3.1026790764,0.3673859687,False,-1,False,50,0,image_02809.jpg.png,80
-3.1057867191,0.1643,False,-1,False,50,0,image_02810.jpg.png,81
-3.1091652052,0.1643,False,-1,False,50,0,image_02811.jpg.png,81
-3.1129711287,0.1643,False,-1,False,50,0,image_02812.jpg.png,81
-3.1164907624,0.2323552883,False,-1,False,50,0,image_02813.jpg.png,81
-3.1194713723,0.1643,False,-1,False,50,0,image_02814.jpg.png,81
-3.121857831,0.1643,False,-1,False,50,0,image_02815.jpg.png,81
-3.1232179073,0.2323552883,False,-1,False,50,0,image_02816.jpg.png,81
-3.1236940805,0.2323552883,False,-1,False,50,0,image_02817.jpg.png,81
-3.1238341628,0.2323552883,False,-1,False,50,0,image_02818.jpg.png,81
-3.1238690502,0.1643,False,-1,False,50,0,image_02819.jpg.png,81
-3.1238820997,0.2323552883,False,-1,False,50,0,image_02820.jpg.png,82
-3.1238839639,0.2323552883,False,-1,False,50,0,image_02821.jpg.png,82
-3.1238858281,0.1643,False,-1,False,50,0,image_02822.jpg.png,82
-3.1238789039,0.1643,False,-1,False,50,0,image_02823.jpg.png,82
-3.1238634576,0.1643,False,-1,False,50,0,image_02824.jpg.png,82
-3.1238485439,0.2323552883,False,-1,False,50,0,image_02825.jpg.png,82
-3.1238357607,0.2323552883,False,-1,False,50,0,image_02826.jpg.png,82
-3.1238264396,0.2323552883,False,-1,False,50,0,image_02827.jpg.png,82
-3.1238197817,0.1643,False,-1,False,50,0,image_02828.jpg.png,82
-3.1238152544,0.2323552883,False,-1,False,50,0,image_02829.jpg.png,82
-3.1238128575,0.2323552883,False,-1,False,50,0,image_02830.jpg.png,83
-3.1238112596,0.1643,False,-1,False,50,0,image_02831.jpg.png,83
-3.1238112596,0,False,-1,False,50,0,image_02832.jpg.png,83
-3.1238128575,0,False,-1,False,50,0,image_02833.jpg.png,83
-3.1238144554,0.1643,False,-1,False,50,0,image_02834.jpg.png,83
-3.1238168523,0.1643,False,-1,False,50,0,image_02835.jpg.png,83
-3.1238197817,0,False,-1,False,50,0,image_02836.jpg.png,83
-3.1238221786,0.1643,False,-1,False,50,0,image_02837.jpg.png,83
-3.1238253744,0,False,-1,False,50,0,image_02838.jpg.png,83
-3.1238288365,0.1643,False,-1,False,50,0,image_02839.jpg.png,83
-3.1238312333,0.1643,False,-1,False,50,0,image_02840.jpg.png,84
-3.1238341628,0,False,-1,False,50,0,image_02841.jpg.png,84
-3.1238370923,0,False,-1,False,50,0,image_02842.jpg.png,84
-3.1238397555,0.1643,False,-1,False,50,0,image_02843.jpg.png,84
-3.1240458841,0,False,-1,False,50,0,image_02844.jpg.png,84
-3.1246368396,0.1643,False,-1,False,50,0,image_02845.jpg.png,84
-3.1255289985,0.1643,False,-1,False,50,0,image_02846.jpg.png,84
-3.1268070495,0,False,-1,False,50,0,image_02847.jpg.png,84
-3.1283117356,0,False,-1,False,50,0,image_02848.jpg.png,84
-3.1302356031,0,False,-1,False,50,0,image_02849.jpg.png,84
